{"cameraMode":{"drawMode":0,"name":"Shaded","section":"Shading Mode"},"sceneLighting":false,"audioPlay":false,"sceneViewState":{"m_AlwaysRefresh":false,"showFog":true,"showSkybox":false,"showFlares":true,"showImageEffects":true,"showParticleSystems":true,"showVisualEffectGraphs":true,"m_FxEnabled":true},"in2DMode":false,"pivot":{"x":-3.1709671020507814,"y":2.362039566040039,"z":3.392061948776245},"rotation":{"x":0.006611985620111227,"y":-0.9840710759162903,"z":0.17388944327831269,"w":0.03752455860376358},"size":0.5405983328819275,"orthographic":false}