{"cameraMode":{"drawMode":0,"name":"Shaded","section":"Shading Mode"},"sceneLighting":false,"audioPlay":false,"sceneViewState":{"m_AlwaysRefresh":false,"showFog":true,"showSkybox":false,"showFlares":true,"showImageEffects":true,"showParticleSystems":true,"showVisualEffectGraphs":true,"m_FxEnabled":true},"in2DMode":false,"pivot":{"x":-2.5363473892211916,"y":3.8116116523742677,"z":3.609604597091675},"rotation":{"x":0.024863803759217264,"y":-0.9343084692955017,"z":0.34943780303001406,"w":0.06656128168106079},"size":0.5405983328819275,"orthographic":false}