{"cameraMode":{"drawMode":0,"name":"Shaded","section":"Shading Mode"},"sceneLighting":false,"audioPlay":false,"sceneViewState":{"m_AlwaysRefresh":false,"showFog":true,"showSkybox":false,"showFlares":true,"showImageEffects":true,"showParticleSystems":true,"showVisualEffectGraphs":true,"m_FxEnabled":true},"in2DMode":false,"pivot":{"x":-25.56568145751953,"y":162.62936401367188,"z":-132.57025146484376},"rotation":{"x":-0.0018364469287917019,"y":-0.9882937669754028,"z":0.1516607105731964,"w":0.023490753024816514},"size":48.099098205566409,"orthographic":false}