{"cameraMode":{"drawMode":0,"name":"Shaded","section":"Shading Mode"},"sceneLighting":false,"audioPlay":false,"sceneViewState":{"m_AlwaysRefresh":false,"showFog":true,"showSkybox":false,"showFlares":true,"showImageEffects":true,"showParticleSystems":true,"showVisualEffectGraphs":true,"m_FxEnabled":true},"in2DMode":false,"pivot":{"x":-0.2167833149433136,"y":-0.01799917221069336,"z":-0.040495872497558597},"rotation":{"x":-0.2603599429130554,"y":0.10171526670455933,"z":-0.027631891891360284,"w":-0.9597861170768738},"size":0.8660253882408142,"orthographic":false}