{"cameraMode":{"drawMode":0,"name":"Shaded","section":"Shading Mode"},"sceneLighting":false,"audioPlay":false,"sceneViewState":{"m_AlwaysRefresh":false,"showFog":true,"showSkybox":false,"showFlares":true,"showImageEffects":true,"showParticleSystems":true,"showVisualEffectGraphs":true,"m_FxEnabled":true},"in2DMode":false,"pivot":{"x":-7.352363109588623,"y":1.7480125427246094,"z":-2.5855813026428224},"rotation":{"x":-0.18222559988498689,"y":-0.22722023725509644,"z":0.043269380927085879,"w":-0.9557060599327087},"size":0.8962964415550232,"orthographic":false}