{"cameraMode":{"drawMode":0,"name":"Shaded","section":"Shading Mode"},"sceneLighting":true,"audioPlay":false,"sceneViewState":{"m_AlwaysRefresh":false,"showFog":true,"showSkybox":true,"showFlares":true,"showImageEffects":true,"showParticleSystems":true,"showVisualEffectGraphs":true,"m_FxEnabled":true},"in2DMode":false,"pivot":{"x":87.83358764648438,"y":-33.53773498535156,"z":9.258606910705567},"rotation":{"x":-0.000513648905325681,"y":-0.9871618151664734,"z":0.15759597718715669,"w":0.030905859544873239},"size":66.31693267822266,"orthographic":false}