{"cameraMode":{"drawMode":0,"name":"Shaded","section":"Shading Mode"},"sceneLighting":true,"audioPlay":false,"sceneViewState":{"m_AlwaysRefresh":false,"showFog":true,"showSkybox":true,"showFlares":true,"showImageEffects":true,"showParticleSystems":true,"showVisualEffectGraphs":true,"m_FxEnabled":true},"in2DMode":false,"pivot":{"x":3.5872089862823488,"y":4.672832012176514,"z":8.622354507446289},"rotation":{"x":0.0738004595041275,"y":-0.9199488162994385,"z":0.21165044605731965,"w":0.32199597358703616},"size":0.8660253882408142,"orthographic":false}