{"cameraMode":{"drawMode":0,"name":"Shaded","section":"Shading Mode"},"sceneLighting":false,"audioPlay":false,"sceneViewState":{"m_AlwaysRefresh":false,"showFog":true,"showSkybox":true,"showFlares":true,"showImageEffects":true,"showParticleSystems":true,"showVisualEffectGraphs":true,"m_FxEnabled":true},"in2DMode":false,"pivot":{"x":-2.3654708862304689,"y":7.5810041427612309,"z":11.383511543273926},"rotation":{"x":-0.03141796216368675,"y":0.9684863090515137,"z":-0.16724485158920289,"w":-0.18194808065891267},"size":0.3813835382461548,"orthographic":false}