{"cameraMode":{"drawMode":0,"name":"Shaded","section":"Shading Mode"},"sceneLighting":false,"audioPlay":false,"sceneViewState":{"m_AlwaysRefresh":false,"showFog":true,"showSkybox":true,"showFlares":true,"showImageEffects":true,"showParticleSystems":true,"showVisualEffectGraphs":true,"m_FxEnabled":true},"in2DMode":false,"pivot":{"x":-1.1153074502944947,"y":1.7933180332183838,"z":4.50014066696167},"rotation":{"x":-0.04095565527677536,"y":0.9400898814201355,"z":-0.12194867432117462,"w":-0.31571823358535769},"size":0.25561848282814028,"orthographic":false}