{"cameraMode":{"drawMode":0,"name":"Shaded","section":"Shading Mode"},"sceneLighting":true,"audioPlay":false,"sceneViewState":{"m_AlwaysRefresh":false,"showFog":true,"showSkybox":true,"showFlares":true,"showImageEffects":true,"showParticleSystems":true,"showVisualEffectGraphs":true,"m_FxEnabled":true},"in2DMode":false,"pivot":{"x":128.4814910888672,"y":7.319109916687012,"z":102.11598205566406},"rotation":{"x":-0.12358587235212326,"y":-0.005365792196244001,"z":0.0006544049829244614,"w":-0.9923692941665649},"size":5.495507717132568,"orthographic":false}