{"cameraMode":{"drawMode":0,"name":"Shaded","section":"Shading Mode"},"sceneLighting":false,"audioPlay":false,"sceneViewState":{"m_AlwaysRefresh":false,"showFog":true,"showSkybox":true,"showFlares":true,"showImageEffects":true,"showParticleSystems":true,"showVisualEffectGraphs":true,"m_FxEnabled":true},"in2DMode":false,"pivot":{"x":126.92225646972656,"y":6.917879104614258,"z":113.18196868896485},"rotation":{"x":-0.2480752170085907,"y":0.04755762219429016,"z":-0.012111511081457138,"w":-0.9674977660179138},"size":4.561434745788574,"orthographic":false}