{"cameraMode":{"drawMode":0,"name":"Shaded","section":"Shading Mode"},"sceneLighting":true,"audioPlay":false,"sceneViewState":{"m_AlwaysRefresh":false,"showFog":true,"showSkybox":true,"showFlares":true,"showImageEffects":true,"showParticleSystems":true,"showVisualEffectGraphs":true,"m_FxEnabled":true},"in2DMode":false,"pivot":{"x":763.848876953125,"y":454.5491638183594,"z":-362.71124267578127},"rotation":{"x":-0.005999146960675716,"y":-0.016498953104019166,"z":-0.00009899491124087945,"w":0.9998458623886108},"size":512.3822631835938,"orthographic":true}