{"cameraMode":{"drawMode":0,"name":"Shaded","section":"Shading Mode"},"sceneLighting":true,"audioPlay":false,"sceneViewState":{"m_AlwaysRefresh":false,"showFog":true,"showSkybox":true,"showFlares":true,"showImageEffects":true,"showParticleSystems":true,"showVisualEffectGraphs":true,"m_FxEnabled":true},"in2DMode":false,"pivot":{"x":-0.38401085138320925,"y":-1.7592296600341797,"z":19.856380462646486},"rotation":{"x":0.10365241765975952,"y":-0.0037693390622735025,"z":-0.0006478794384747744,"w":0.994845986366272},"size":12.669951438903809,"orthographic":false}