{"cameraMode":{"drawMode":0,"name":"Shaded","section":"Shading Mode"},"sceneLighting":false,"audioPlay":false,"sceneViewState":{"m_AlwaysRefresh":false,"showFog":true,"showSkybox":true,"showFlares":true,"showImageEffects":true,"showParticleSystems":true,"showVisualEffectGraphs":true,"m_FxEnabled":true},"in2DMode":false,"pivot":{"x":406.00872802734377,"y":336.8107604980469,"z":-508.8749084472656},"rotation":{"x":0.01497504860162735,"y":0.056963399052619937,"z":-0.0008545435266569257,"w":0.9982691407203674},"size":68.26930236816406,"orthographic":false}