{"cameraMode":{"drawMode":0,"name":"Shaded","section":"Shading Mode"},"sceneLighting":true,"audioPlay":false,"sceneViewState":{"m_AlwaysRefresh":false,"showFog":true,"showSkybox":true,"showFlares":true,"showImageEffects":true,"showParticleSystems":true,"showVisualEffectGraphs":true,"m_FxEnabled":true},"in2DMode":false,"pivot":{"x":-9.764049530029297,"y":0.9313564896583557,"z":-8.707979202270508},"rotation":{"x":-0.041920505464076999,"y":0.9237049221992493,"z":-0.10575202107429505,"w":-0.36592480540275576},"size":0.6728570461273193,"orthographic":false}