{"cameraMode":{"drawMode":0,"name":"Shaded","section":"Shading Mode"},"sceneLighting":true,"audioPlay":false,"sceneViewState":{"m_AlwaysRefresh":false,"showFog":true,"showSkybox":true,"showFlares":true,"showImageEffects":true,"showParticleSystems":true,"showVisualEffectGraphs":true,"m_FxEnabled":true},"in2DMode":false,"pivot":{"x":131.70034790039063,"y":16.205419540405275,"z":127.40708923339844},"rotation":{"x":0.05816172808408737,"y":0.14471089839935304,"z":-0.008358202874660492,"w":0.9875122904777527},"size":4.864358425140381,"orthographic":false}