{"cameraMode":{"drawMode":0,"name":"Shaded","section":"Shading Mode"},"sceneLighting":true,"audioPlay":false,"sceneViewState":{"m_AlwaysRefresh":false,"showFog":true,"showSkybox":true,"showFlares":true,"showImageEffects":true,"showParticleSystems":true,"showVisualEffectGraphs":true,"m_FxEnabled":true},"in2DMode":false,"pivot":{"x":129.87841796875,"y":13.978602409362793,"z":70.89828491210938},"rotation":{"x":0.07342194020748139,"y":-0.017950717359781266,"z":0.001312094391323626,"w":0.9971307516098023},"size":0.8660253882408142,"orthographic":false}