{"cameraMode":{"drawMode":0,"name":"Shaded","section":"Shading Mode"},"sceneLighting":true,"audioPlay":false,"sceneViewState":{"m_AlwaysRefresh":false,"showFog":true,"showSkybox":true,"showFlares":true,"showImageEffects":true,"showParticleSystems":true,"showVisualEffectGraphs":true,"m_FxEnabled":true},"in2DMode":false,"pivot":{"x":128.39439392089845,"y":33.371299743652347,"z":102.04127502441406},"rotation":{"x":0.26673397421836855,"y":0.007233907468616962,"z":-0.001988013507798314,"w":0.9637824892997742},"size":4.380887508392334,"orthographic":false}