{"cameraMode":{"drawMode":0,"name":"Shaded","section":"Shading Mode"},"sceneLighting":true,"audioPlay":false,"sceneViewState":{"m_AlwaysRefresh":false,"showFog":true,"showSkybox":true,"showFlares":true,"showImageEffects":true,"showParticleSystems":true,"showVisualEffectGraphs":true,"m_FxEnabled":true},"in2DMode":false,"pivot":{"x":260.6358642578125,"y":148.45863342285157,"z":-12.021766662597657},"rotation":{"x":0.16122829914093018,"y":-0.027946148067712785,"z":0.00452966196462512,"w":0.9865095019340515},"size":538.46533203125,"orthographic":false}