{"cameraMode":{"drawMode":0,"name":"Shaded","section":"Shading Mode"},"sceneLighting":true,"audioPlay":false,"sceneViewState":{"m_AlwaysRefresh":false,"showFog":true,"showSkybox":true,"showFlares":true,"showImageEffects":true,"showParticleSystems":true,"showVisualEffectGraphs":true,"m_FxEnabled":true},"in2DMode":false,"pivot":{"x":125.30106353759766,"y":7.550938606262207,"z":113.14541625976563},"rotation":{"x":0.05396348610520363,"y":-0.019470347091555597,"z":0.0010523161618039013,"w":0.9983516335487366},"size":4.042041778564453,"orthographic":false}