{"cameraMode":{"drawMode":0,"name":"Shaded","section":"Shading Mode"},"sceneLighting":true,"audioPlay":false,"sceneViewState":{"m_AlwaysRefresh":false,"showFog":true,"showSkybox":true,"showFlares":true,"showImageEffects":true,"showParticleSystems":true,"showVisualEffectGraphs":true,"m_FxEnabled":true},"in2DMode":false,"pivot":{"x":4.660299301147461,"y":-1.0241320133209229,"z":11.428133964538575},"rotation":{"x":-0.10654611140489578,"y":-0.03370374068617821,"z":0.003611290594562888,"w":-0.9937359094619751},"size":8.317895889282227,"orthographic":false}