{"cameraMode":{"drawMode":0,"name":"Shaded","section":"Shading Mode"},"sceneLighting":true,"audioPlay":false,"sceneViewState":{"m_AlwaysRefresh":false,"showFog":true,"showSkybox":true,"showFlares":true,"showImageEffects":true,"showParticleSystems":true,"showVisualEffectGraphs":true,"m_FxEnabled":true},"in2DMode":false,"pivot":{"x":125.96614837646485,"y":-120.83415985107422,"z":143.76727294921876},"rotation":{"x":0.07736250758171082,"y":-0.147468701004982,"z":0.011455544270575047,"w":0.985733151435852},"size":31.40678596496582,"orthographic":false}