{"cameraMode":{"drawMode":0,"name":"Shaded","section":"Shading Mode"},"sceneLighting":true,"audioPlay":false,"sceneViewState":{"m_AlwaysRefresh":false,"showFog":true,"showSkybox":true,"showFlares":true,"showImageEffects":true,"showParticleSystems":true,"showVisualEffectGraphs":true,"m_FxEnabled":true},"in2DMode":false,"pivot":{"x":120.93826293945313,"y":4.814794063568115,"z":122.97395324707031},"rotation":{"x":-0.2285112738609314,"y":-0.15059931576251985,"z":0.03576677292585373,"w":-0.9611997604370117},"size":0.2110091596841812,"orthographic":false}