{"cameraMode":{"drawMode":0,"name":"Shaded","section":"Shading Mode"},"sceneLighting":true,"audioPlay":false,"sceneViewState":{"m_AlwaysRefresh":false,"showFog":true,"showSkybox":true,"showFlares":true,"showImageEffects":true,"showParticleSystems":true,"showVisualEffectGraphs":true,"m_FxEnabled":true},"in2DMode":false,"pivot":{"x":127.22694396972656,"y":9.941770553588868,"z":110.87477111816406},"rotation":{"x":0.13280951976776124,"y":0.06554360687732697,"z":-0.008839826099574566,"w":0.9889311790466309},"size":0.8270542621612549,"orthographic":false}