{"cameraMode":{"drawMode":0,"name":"Shaded","section":"Shading Mode"},"sceneLighting":true,"audioPlay":false,"sceneViewState":{"m_AlwaysRefresh":false,"showFog":true,"showSkybox":true,"showFlares":true,"showImageEffects":true,"showParticleSystems":true,"showVisualEffectGraphs":true,"m_FxEnabled":true},"in2DMode":false,"pivot":{"x":2.356991767883301,"y":-4.64267110824585,"z":19.12516212463379},"rotation":{"x":0.14506694674491883,"y":0.052585531026124957,"z":-0.008810115046799183,"w":0.9882279634475708},"size":12.593135833740235,"orthographic":false}