{"cameraMode":{"drawMode":0,"name":"Shaded","section":"Shading Mode"},"sceneLighting":true,"audioPlay":false,"sceneViewState":{"m_AlwaysRefresh":false,"showFog":true,"showSkybox":true,"showFlares":true,"showImageEffects":true,"showParticleSystems":true,"showVisualEffectGraphs":true,"m_FxEnabled":true},"in2DMode":false,"pivot":{"x":-11.594889640808106,"y":0.11516952514648438,"z":-9.973888397216797},"rotation":{"x":-0.0013565181288868189,"y":-0.9563844203948975,"z":0.2921968102455139,"w":0.014055160805583},"size":1.6125986576080323,"orthographic":false}