{"cameraMode":{"drawMode":0,"name":"Shaded","section":"Shading Mode"},"sceneLighting":false,"audioPlay":false,"sceneViewState":{"m_AlwaysRefresh":false,"showFog":true,"showSkybox":false,"showFlares":true,"showImageEffects":true,"showParticleSystems":true,"showVisualEffectGraphs":true,"m_FxEnabled":true},"in2DMode":false,"pivot":{"x":-4.201857089996338,"y":6.085582256317139,"z":-13.031021118164063},"rotation":{"x":0.18202868103981019,"y":-0.09392274916172028,"z":0.017532331869006158,"w":0.9786878228187561},"size":1.7701102495193482,"orthographic":false}