{"cameraMode":{"drawMode":0,"name":"Shaded","section":"Shading Mode"},"sceneLighting":false,"audioPlay":false,"sceneViewState":{"m_AlwaysRefresh":false,"showFog":true,"showSkybox":false,"showFlares":true,"showImageEffects":true,"showParticleSystems":true,"showVisualEffectGraphs":true,"m_FxEnabled":true},"in2DMode":false,"pivot":{"x":0.9308880567550659,"y":2.706974983215332,"z":-0.17940565943717957},"rotation":{"x":0.3811517059803009,"y":-0.20238985121250153,"z":0.08595135807991028,"w":0.8980339765548706},"size":1.7701102495193482,"orthographic":false}