{"cameraMode":{"drawMode":0,"name":"Shaded","section":"Shading Mode"},"sceneLighting":false,"audioPlay":false,"sceneViewState":{"m_AlwaysRefresh":false,"showFog":true,"showSkybox":false,"showFlares":true,"showImageEffects":true,"showParticleSystems":true,"showVisualEffectGraphs":true,"m_FxEnabled":true},"in2DMode":false,"pivot":{"x":-0.4265042543411255,"y":-0.31111037731170657,"z":-0.8188962936401367},"rotation":{"x":0.04628736898303032,"y":-0.21232189238071443,"z":0.01012539491057396,"w":0.9761002063751221},"size":1.7701102495193482,"orthographic":false}