{"cameraMode":{"drawMode":0,"name":"Shaded","section":"Shading Mode"},"sceneLighting":false,"audioPlay":false,"sceneViewState":{"m_AlwaysRefresh":false,"showFog":true,"showSkybox":false,"showFlares":true,"showImageEffects":true,"showParticleSystems":true,"showVisualEffectGraphs":true,"m_FxEnabled":true},"in2DMode":false,"pivot":{"x":-1.3765257596969605,"y":-0.18259687721729279,"z":-0.21752402186393739},"rotation":{"x":0.10888319462537766,"y":-0.448796808719635,"z":0.05524861067533493,"w":0.885309636592865},"size":2.9701101779937746,"orthographic":false}