{"cameraMode":{"drawMode":0,"name":"Shaded","section":"Shading Mode"},"sceneLighting":false,"audioPlay":false,"sceneViewState":{"m_AlwaysRefresh":false,"showFog":true,"showSkybox":false,"showFlares":true,"showImageEffects":true,"showParticleSystems":true,"showVisualEffectGraphs":true,"m_FxEnabled":true},"in2DMode":false,"pivot":{"x":-0.446114182472229,"y":1.2952306270599366,"z":-3.324836492538452},"rotation":{"x":-0.09727569669485092,"y":0.13896377384662629,"z":-0.013764491304755211,"w":-0.9854685068130493},"size":0.15950067341327668,"orthographic":false}